,HREF
0,entries/abduction/
1,entries/abelard/
2,entries/abhidharma/
3,entries/abilities/
4,entries/abner-burgos/
5,entries/abrabanel/
6,entries/abstract-objects/
7,entries/essential-accidental/
8,entries/action/
9,entries/shared-agency/
10,entries/logic-action/
11,entries/action-perception/
12,entries/qm-action-distance/
13,entries/possibilism-actualism/
14,entries/actualism-possibilism-ethics/
15,entries/adaptationism/
16,entries/addams-jane/
17,entries/adorno/
18,entries/advance-directives/
19,entries/giles/
20,entries/skepticism-ancient/
21,entries/aesthetic-concept/
22,entries/aesthetic-experience/
23,entries/aesthetics-19th-romantic/
24,entries/aesthetic-judgment/
25,entries/beardsley-aesthetics/
26,entries/aesthetics-18th-british/
27,entries/aesthetics-cogsci/
28,entries/collingwood-aesthetics/
29,entries/croce-aesthetics/
30,entries/ethics-cultural-heritage/
31,entries/art-definition/
32,entries/dewey-aesthetics/
33,entries/environmental-aesthetics/
34,entries/aesthetics-existentialist/
35,entries/feminism-aesthetics/
36,entries/aesthetics-18th-french/
37,entries/gadamer-aesthetics/
38,entries/aesthetics-18th-german/
39,entries/goodman-aesthetics/
40,entries/hegel-aesthetics/
41,entries/heidegger-aesthetics/
42,entries/hume-aesthetics/
43,entries/japanese-aesthetics/
44,entries/plato-aesthetics/
45,entries/schopenhauer-aesthetics/
46,entries/wittgenstein-aesthetics/
47,entries/aesthetics-of-everyday/
48,entries/aesthetic-testimony/
49,entries/aesthetic-concept/
50,entries/affirmative-action/
51,entries/africana/
52,entries/africana-contemporary/
53,entries/african-ethics/
54,entries/african-sage/
55,entries/afterlife/
56,entries/agency/
57,entries/shared-agency/
58,entries/agent-modeling-philscience/
59,entries/reasons-agent/
60,entries/atheism-agnosticism/
61,entries/skepticism-ancient/
62,entries/agrippa-nettesheim/
63,entries/akan-person/
64,entries/weakness-will/
65,entries/al-baghdadi/
66,entries/al-farabi/
67,entries/al-farabi-metaphysics/
68,entries/al-farabi-logic/
69,entries/al-farabi-soc-rel/
70,entries/al-farabi-psych/
71,entries/al-ghazali/
72,entries/al-kindi/
73,entries/abu-bakr-al-razi/
74,entries/al-din-al-razi/
75,entries/albalag/
76,entries/albert-saxony/
77,entries/albert-great/
78,entries/albo-joseph/
79,entries/alcmaeon/
80,entries/alexander/
81,entries/alexander-aphrodisias/
82,entries/algebra/
83,entries/algebra-logic-tradition/
84,entries/alienation/
85,entries/althusser/
86,entries/altruism/
87,entries/altruism-biological/
88,entries/altruism-empirical/
89,entries/alyngton/
90,entries/ambiguity/
91,entries/ammonius/
92,entries/plotinus/
93,entries/analogy-medieval/
94,entries/reasoning-analogy/
95,entries/analysis/
96,entries/analytic-synthetic/
97,entries/anaphora/
98,entries/anarchism/
99,entries/anaxagoras/
100,entries/pyrrho/
101,entries/anderson-john/
102,entries/aristotle-commentators/
103,entries/cognition-animal/
104,entries/consciousness-animal/
105,entries/animalism/
106,entries/moral-animal/
107,entries/anomalous-monism/
108,entries/anscombe/
109,entries/anselm/
110,entries/moral-anti-realism/
111,entries/antiochus-ascalon/
112,entries/apriori/
113,entries/perception-episprob/
114,entries/skepticism/
115,entries/apriori/
116,entries/aquinas/
117,entries/aquinas-moral-political/
118,entries/arabic-islamic-metaphysics/
119,entries/arabic-islamic-natural/
120,entries/arabic-islamic-language/
121,entries/arabic-islamic-phil-math/
122,entries/arabic-islamic-religion/
123,entries/arabic-islamic-mind/
124,entries/arabic-islamic-greek/
125,entries/arabic-islamic-judaic/
126,entries/arabic-islamic-influence/
127,entries/ibn-kammuna/
128,entries/ikhwan-al-safa/
129,entries/arabic-islamic-mysticism/
130,entries/arcesilaus/
131,entries/architecture/
132,entries/archytas/
133,entries/arendt/
134,entries/ethics-ancient/
135,entries/argument/
136,entries/epistemic-utility/
137,entries/aristotle-commentators/
138,entries/aristotelianism-renaissance/
139,entries/aristotle/
140,entries/aristotle-commentators/
141,entries/alexander-aphrodisias/
142,entries/ammonius/
143,entries/david/
144,entries/elias/
145,entries/olympiodorus/
146,entries/philoponus/
147,entries/simplicius/
148,entries/aristotle-aesthetics/
149,entries/aristotle-biology/
150,entries/aristotle-categories/
151,entries/aristotle-ethics/
152,entries/aristotle-logic/
153,entries/aristotle-metaphysics/
154,entries/aristotle-politics/
155,entries/aristotle-psychology/
156,entries/aristotle-rhetoric/
157,entries/aristotle-causality/
158,entries/aristotle-mathematics/
159,entries/aristotle-natphil/
160,entries/aristotle-noncontradiction/
161,entries/arnauld/
162,entries/voltaire/
163,entries/arrows-theorem/
164,entries/erotic-art/
165,entries/conceptual-art/
166,entries/art-definition/
167,entries/artifact/
168,entries/artificial-intelligence/
169,entries/reasoning-automated/
170,entries/formal-belief/
171,entries/chinese-room/
172,entries/connectionism/
173,entries/reasoning-defeasible/
174,entries/ethics-ai/
175,entries/frame-problem/
176,entries/logic-ai/
177,entries/turing-test/
178,entries/tense-aspect/
179,entries/assertion/
180,entries/associationist-thought/
181,entries/astell/
182,entries/atheism-agnosticism/
183,entries/atomism-modern/
184,entries/atomism-ancient/
185,entries/atonement/
186,entries/attention/
187,entries/properties/
188,entries/perception-auditory/
189,entries/augustine/
190,entries/auriol/
191,entries/austin-john/
192,entries/austin-jl/
193,entries/authenticity/
194,entries/authority/
195,entries/legal-obligation/
196,entries/reasoning-automated/
197,entries/informed-consent/
198,entries/autonomy-moral/
199,entries/personal-autonomy/
200,entries/ibn-rushd/
201,entries/ibn-rushd-natural/
202,entries/ibn-gabirol/
203,entries/ibn-sina/
204,entries/ibn-sina-logic/
205,entries/ibn-sina-metaphysics/
206,entries/ibn-sina-natural/
207,entries/bodily-awareness/
208,entries/ayer/
209,#pagetopright
210,entries/francis-bacon/
211,entries/roger-bacon/
212,entries/scottish-19th/
213,entries/basing-epistemic/
214,entries/baudrillard/
215,entries/bauer/
216,entries/bayes-theorem/
217,entries/bayle/
218,entries/beardsley-aesthetics/
219,entries/scottish-18th/
220,entries/beauty/
221,entries/beauvoir/
222,entries/behaviorism/
223,entries/existence/
224,entries/time/
225,entries/spacetime-bebecome/
226,entries/belief/
227,entries/self-locating-beliefs/
228,entries/ethics-belief/
229,entries/formal-belief/
230,entries/belief-merging/
231,entries/bell-theorem/
232,entries/principle-beneficence/
233,entries/benjamin/
234,entries/bentham/
235,entries/bergson/
236,entries/berkeley/
237,entries/berlin/
238,entries/bessarion/
239,entries/implicit-bias/
240,entries/binarium/
241,entries/biodiversity/
242,entries/theories-biological-development/
243,entries/biology-individual/
244,entries/information-biological/
245,entries/conservation-biology/
246,entries/biology-developmental/
247,entries/biology-experiment/
248,entries/molecular-biology/
249,entries/biology-philosophy/
250,entries/reduction-biology/
251,entries/teleology-biology/
252,entries/feminist-philosophy-biology/
253,entries/biomedicine/
254,entries/scottish-18th/
255,entries/blame/
256,entries/bloch/
257,entries/bodily-awareness/
258,entries/bodin/
259,entries/substance/
260,entries/boethius/
261,entries/boethius-dacia/
262,entries/bohr-correspondence/
263,entries/bolzano/
264,entries/bolzano-logic/
265,entries/bonaventure/
266,entries/boole/
267,entries/boolalg-math/
268,entries/bosanquet/
269,entries/boundary/
270,entries/bounded-rationality/
271,entries/boyle/
272,entries/bradley/
273,entries/bradley-moral/
274,entries/bradley-regress/
275,entries/death-definition/
276,entries/skepticism-content-externalism/
277,entries/brentano/
278,entries/brentano-judgement/
279,entries/broad/
280,entries/brouwer/
281,entries/scottish-19th/
282,entries/bruno/
283,entries/buber/
284,entries/buddha/
285,entries/buddhism-chan/
286,entries/ethics-indian-buddhism/
287,entries/mind-indian-buddhism/
288,entries/buddhism-tiantai/
289,entries/japanese-zen/
290,entries/buddhism-huayan/
291,entries/substance/
292,entries/buridan/
293,entries/burke/
294,entries/burley/
295,entries/scottish-18th/
296,entries/butler-moral/
297,entries/byzantine-philosophy/
298,#pagetopright
299,entries/scottish-19th/
300,entries/callicles-thrasymachus/
301,entries/cambridge-platonists/
302,entries/campanella/
303,entries/scottish-18th/
304,entries/camus/
305,entries/cancer/
306,entries/capability-approach/
307,entries/cardano/
308,entries/scottish-18th/
309,entries/carnap/
310,entries/carneades/
311,entries/cassirer/
312,entries/reasoning-moral/
313,entries/categories/
314,entries/medieval-categories/
315,entries/category-mistakes/
316,entries/category-theory/
317,entries/determinism-causal/
318,entries/causal-models/
319,entries/causation-backwards/
320,entries/causation-counterfactual/
321,entries/arabic-islamic-causation/
322,entries/causation-physics/
323,entries/causation-law/
324,entries/causation-mani/
325,entries/causation-medieval/
326,entries/mental-causation/
327,entries/causation-metaphysics/
328,entries/causation-probabilistic/
329,entries/causation-regularity/
330,entries/qm-retrocausality/
331,entries/margaret-cavendish/
332,entries/cell-biology/
333,entries/cellular-automata/
334,entries/pornography-censorship/
335,entries/certainty/
336,entries/ceteris-paribus/
337,entries/chance-randomness/
338,entries/change/
339,entries/chinese-change/
340,entries/chaos/
341,entries/moral-character/
342,entries/moral-character-empirical/
343,entries/emilie-du-chatelet/
344,entries/walter-chatton/
345,entries/chemistry/
346,entries/childhood/
347,entries/children/
348,entries/philosophy-chile/
349,entries/chimeras/
350,entries/confucianism-modern/
351,entries/ethics-chinese/
352,entries/buddhism-chan/
353,entries/chinese-phil-medicine/
354,entries/comparphil-chiwes/
355,entries/confucius/
356,entries/daoism/
357,entries/emotions-chinese/
358,entries/chinese-epistemology/
359,entries/ethics-chinese/
360,entries/han-dynasty/
361,entries/buddhism-huayan/
362,entries/laozi/
363,entries/chinese-legalism/
364,entries/chinese-logic-language/
365,entries/mencius/
366,entries/chinese-metaphysics/
367,entries/chinese-mind/
368,entries/mohism/
369,entries/mohist-canons/
370,entries/neo-daoism/
371,entries/chinese-change/
372,entries/qing-philosophy/
373,entries/chinese-phil-science/
374,entries/chinese-social-political/
375,entries/song-ming-confucianism/
376,entries/buddhism-tiantai/
377,entries/chinese-translate-interpret/
378,entries/wang-yangming/
379,entries/xunzi/
380,entries/zhuangzi/
381,entries/zhu-xi/
382,entries/chinese-room/
383,entries/chisholm/
384,entries/axiom-choice/
385,entries/dynamic-choice/
386,entries/social-choice/
387,entries/christiantheology-philosophy/
388,entries/church/
389,entries/church-turing/
390,entries/church-turing/
391,entries/cicero/
392,entries/citizenship/
393,entries/civic-education/
394,entries/humanism-civic/
395,entries/civil-disobedience/
396,entries/civil-rights/
397,entries/clarke/
398,entries/doxography-ancient/
399,entries/justice-climate/
400,entries/climate-science/
401,entries/clinical-research/
402,entries/cloning/
403,entries/cockburn/
404,entries/coercion/
405,entries/cognition-animal/
406,entries/embodied-cognition/
407,entries/cognitive-disability/
408,entries/cognitive-science/
409,entries/moral-cognitivism/
410,entries/cohen/
411,entries/collingwood/
412,entries/collingwood-aesthetics/
413,entries/collins/
414,entries/colonialism/
415,entries/color/
416,entries/physics-Rpcc/
417,entries/common-good/
418,entries/common-knowledge/
419,entries/communitarianism/
420,entries/comparative-cognition/
421,entries/comparphil-chiwes/
422,entries/compatibilism/
423,entries/decision-capacity/
424,entries/computability/
425,entries/computational-complexity/
426,entries/problem-of-many/
427,entries/compositionality/
428,entries/computability/
429,entries/computation-physicalsystems/
430,entries/computational-complexity/
431,entries/computational-linguistics/
432,entries/computational-philosophy/
433,entries/computational-mind/
434,entries/computer-science/
435,entries/computing-history/
436,entries/computing-responsibility/
437,entries/comte/
438,entries/concepts/
439,entries/condemnation/
440,entries/condillac/
441,entries/conditionals/
442,entries/counterfactuals/
443,entries/logic-conditionals/
444,entries/histfem-condorcet/
445,entries/confirmation/
446,entries/confucian-gender/
447,entries/japanese-confucian/
448,entries/korean-confucianism/
449,entries/mencius/
450,entries/confucianism-modern/
451,entries/song-ming-confucianism/
452,entries/wang-yangming/
453,entries/xunzi/
454,entries/zhu-xi/
455,entries/confucius/
456,entries/connectionism/
457,entries/connectives-logic/
458,entries/conscience/
459,entries/conscience-medieval/
460,entries/consciousness/
461,entries/consciousness-animal/
462,entries/consciousness-higher/
463,entries/consciousness-intentionality/
464,entries/consciousness-neuroscience/
465,entries/consciousness-representational/
466,entries/consciousness-17th/
467,entries/consciousness-temporal/
468,entries/consciousness-unity/
469,entries/political-obligation/
470,entries/consequence-medieval/
471,entries/consequentialism/
472,entries/consequentialism-rule/
473,entries/consequentializing/
474,entries/conservation-biology/
475,entries/conservatism/
476,entries/constitutionalism/
477,entries/constructive-empiricism/
478,entries/constructivism-metaethics/
479,entries/constructivism-political/
480,entries/contextualism-epistemology/
481,entries/continental-rationalism/
482,entries/continuity/
483,entries/continuum-hypothesis/
484,entries/contractarianism/
485,entries/contract-law/
486,entries/contractualism/
487,entries/contradiction/
488,entries/convention/
489,entries/moral-conventional/
490,entries/conway/
491,entries/anna-julia-cooper/
492,entries/copernicus/
493,entries/cordemoy/
494,entries/corruption/
495,entries/cosmological-argument/
496,entries/cosmology-30s/
497,entries/cosmology-theology/
498,entries/cosmology/
499,entries/cosmopolitanism/
500,entries/counterfactuals/
501,entries/possible-objects/
502,entries/crathorn/
503,entries/creation-conservation/
504,entries/creationism/
505,entries/creativity/
506,entries/crescas/
507,entries/criminal-law/
508,entries/critical-phil-race/
509,entries/critical-phil-race/
510,entries/critical-theory/
511,entries/critical-thinking/
512,entries/croce-aesthetics/
513,entries/alexander-crummell/
514,entries/cudworth/
515,entries/evolution-cultural/
516,entries/ethics-cultural-heritage/
517,entries/culture/
518,entries/culture-cogsci/
519,entries/curry-paradox/
520,entries/cusanus/
521,#pagetopright
522,entries/peter-damian/
523,entries/dance/
524,entries/dante/
525,entries/daoism/
526,entries/laozi/
527,entries/neo-daoism/
528,entries/daoism-religion/
529,entries/zhuangzi/
530,entries/origin-descent/
531,entries/darwinism/
532,entries/heidegger/
533,entries/abraham-daud/
534,entries/david/
535,entries/davidson/
536,entries/death/
537,entries/death-definition/
538,entries/beauvoir/
539,entries/lying-definition/
540,entries/self-deception/
541,entries/decision-capacity/
542,entries/decision-theory/
543,entries/decision-causal/
544,entries/decision-theory-descriptive/
545,entries/rationality-normative-utility/
546,entries/rationality-normative-nonutility/
547,entries/dedekind-foundations/
548,entries/deductivism-mathematics/
549,entries/defaults-semantics-pragmatics/
550,entries/definitions/
551,entries/deleuze/
552,entries/delmedigo/
553,entries/delusion/
554,entries/pseudo-science/
555,entries/democracy/
556,entries/global-democracy/
557,entries/democritus/
558,entries/aristotle-logic/
559,entries/demonstration-medieval/
560,entries/indexicals/
561,entries/reference/
562,entries/ethics-deontological/
563,entries/dependence-ontological/
564,entries/depiction/
565,entries/derrida/
566,entries/descartes/
567,entries/descartes-epistemology/
568,entries/descartes-ethics/
569,entries/descartes-works/
570,entries/descartes-mathematics/
571,entries/descartes-method/
572,entries/descartes-modal/
573,entries/descartes-ontological/
574,entries/descartes-physics/
575,entries/pineal-gland/
576,entries/emotions-17th18th/
577,entries/descartes-ideas/
578,entries/descriptions/
579,entries/desert/
580,entries/desgabets/
581,entries/teleological-arguments/
582,entries/desire/
583,entries/determinate-determinables/
584,entries/freedom-ancient/
585,entries/determinism-causal/
586,entries/biology-developmental/
587,entries/evolution-development/
588,entries/theories-biological-development/
589,entries/dewey/
590,entries/dewey-aesthetics/
591,entries/dewey-moral/
592,entries/dewey-political/
593,entries/dharmakiirti/
594,entries/diagrams/
595,entries/epistemology-visual-thinking/
596,entries/dialectical-school/
597,entries/hegel-dialectics/
598,entries/dialetheism/
599,entries/diderot/
600,entries/dietrich-freiberg/
601,entries/digital-art/
602,entries/dignity/
603,entries/dilthey/
604,entries/diodorus-cronus/
605,entries/doxography-ancient/
606,entries/pseudo-dionysius-areopagite/
607,entries/dirty-hands/
608,entries/disability-critical/
609,entries/disability/
610,entries/feminism-disability/
611,entries/disability-health/
612,entries/disability-care-rationing/
613,entries/disability-justice/
614,entries/disagreement/
615,entries/disagreement-moral/
616,entries/discourse-representation-theory/
617,entries/discrimination/
618,entries/health-disease/
619,entries/disjunction/
620,entries/dispositions/
621,entries/sophists/
622,entries/justice-distributive/
623,entries/justice-moral-psych/
624,entries/international-justice/
625,entries/religious-pluralism/
626,entries/voluntarism-theological/
627,entries/free-will-foreknowledge/
628,entries/divine-freedom/
629,entries/divine-hiddenness/
630,entries/illumination/
631,entries/providence-divine/
632,entries/divine-revelation/
633,entries/divine-simplicity/
634,entries/doing-allowing/
635,entries/marriage/
636,entries/domination/
637,entries/gametes-donation-sale/
638,entries/organ-donation/
639,entries/double-consciousness/
640,entries/double-effect/
641,entries/frederick-douglass/
642,entries/doxography-ancient/
643,entries/dreams-dreaming/
644,entries/dualism/
645,entries/dubois/
646,entries/du-bos/
647,entries/duhem/
648,entries/scottish-18th/
649,entries/duns-scotus/
650,entries/dutch-book/
651,entries/dynamic-epistemic/
652,entries/dynamic-semantics/
653,#pagetopright
654,entries/early-modern-india/
655,entries/meister-eckhart/
656,entries/ecological-genetics/
657,entries/ecology/
658,entries/biodiversity/
659,entries/conservation-biology/
660,entries/economics-early-modern/
661,entries/economics/
662,entries/ramsey-economics/
663,entries/economic-justice/
664,entries/education-philosophy/
665,entries/edwards/
666,entries/egalitarianism/
667,entries/egoism/
668,entries/ehrenfels/
669,entries/spacetime-holearg/
670,entries/einstein-philscience/
671,entries/elias/
672,entries/elisabeth-bohemia/
673,entries/properties-emergent/
674,entries/emerson/
675,entries/emotion/
676,entries/emotions-17th18th/
677,entries/emotions-chinese/
678,entries/emotion-Christian-tradition/
679,entries/medieval-emotions/
680,entries/fiction-emotion-response/
681,entries/empathy/
682,entries/empedocles/
683,entries/altruism-empirical/
684,entries/moral-character-empirical/
685,entries/psychology-normative-cognition/
686,entries/rationalism-empiricism/
687,entries/empiricism-ancient-medieval/
688,entries/constructive-empiricism/
689,entries/logical-empiricism/
690,entries/enlightenment/
691,entries/logical-consequence/
692,entries/information-entropy/
693,entries/envy/
694,entries/epictetus/
695,entries/epicurus/
696,entries/epiphenomenalism/
697,entries/episteme-techne/
698,entries/basing-epistemic/
699,entries/closure-epistemic/
700,entries/epistemic-paradoxes/
701,entries/epistemic-self-doubt/
702,entries/epistemic-utility/
703,entries/epistemology/
704,entries/epistemology-bayesian/
705,entries/contextualism-epistemology/
706,entries/epistemology-evolutionary/
707,entries/feminism-epistemology/
708,entries/epistemology-india/
709,entries/epistemology-latin-america/
710,entries/moral-epistemology/
711,entries/moral-epistemology-a-priori/
712,entries/epistemology-naturalized/
713,entries/reliabilism/
714,entries/epistemology-social/
715,entries/feminist-social-epistemology/
716,entries/epistemology-virtue/
717,entries/formal-epistemology/
718,entries/epsilon-calculus/
719,entries/equality/
720,entries/equal-ed-opportunity/
721,entries/equal-opportunity/
722,entries/equivME/
723,entries/erasmus/
724,entries/ergodic-hierarchy/
725,entries/scottus-eriugena/
726,entries/real-essence/
727,entries/essential-accidental/
728,entries/essential-accidental/
729,entries/eternity/
730,entries/actualism-possibilism-ethics/
731,entries/ethics-ancient/
732,entries/ethics-belief/
733,entries/ethics-business/
734,entries/ethics-chinese/
735,entries/ethics-deontological/
736,entries/ethics-environmental/
737,entries/feminism-ethics/
738,entries/ethics-indian-buddhism/
739,entries/ethics-internet-research/
740,entries/natural-law-ethics/
741,entries/identity-ethics/
742,entries/ethics-search/
743,entries/ethics-social-networking/
744,entries/thick-ethical-concepts/
745,entries/consequentialism/
746,entries/ethics-virtue/
747,entries/african-ethics/
748,entries/ethics-it-phenomenology/
749,entries/advance-directives/
750,entries/chimeras/
751,entries/clinical-research/
752,entries/cloning/
753,entries/decision-capacity/
754,entries/disability/
755,entries/health-disease/
756,entries/gametes-donation-sale/
757,entries/organ-donation/
758,entries/enhancement/
759,entries/informed-consent/
760,entries/justice-inequality-health/
761,entries/justice-healthcareaccess/
762,entries/ethics-pregnancy/
763,entries/privacy-medicine/
764,entries/publichealth-ethics/
765,entries/organs-sale/
766,entries/stem-cells/
767,entries/theory-bioethics/
768,entries/ethics-ancient/
769,entries/eugenics/
770,entries/euthanasia-voluntary/
771,entries/events/
772,entries/evidence/
773,entries/evidence-legal/
774,entries/confirmation/
775,entries/higher-order-evidence/
776,entries/concept-evil/
777,entries/evil-kinds-origins/
778,entries/evil/
779,entries/evolution/
780,entries/evolution-before-darwin/
781,entries/evolution-cultural/
782,entries/origin-descent/
783,entries/morality-biology/
784,entries/game-evolutionary/
785,entries/evolutionary-psychology/
786,entries/existence/
787,entries/existentialism/
788,entries/aesthetics-existentialist/
789,entries/aesthetic-experience/
790,entries/experimental-moral/
791,entries/experimental-philosophy/
792,entries/biology-experiment/
793,entries/physics-experiment/
794,entries/mathematics-explanation/
795,entries/metaphysical-explanation/
796,entries/scientific-explanation/
797,entries/exploitation/
798,entries/self-knowledge-externalism/
799,entries/content-externalism/
800,entries/intrinsic-extrinsic/
801,entries/ibn-ezra/
802,#pagetopright
803,entries/facts/
804,entries/faith/
805,entries/falaquera/
806,entries/fallacies/
807,entries/frantz-fanon/
808,entries/fatalism/
809,entries/fechner/
810,entries/federalism/
811,entries/feigl/
812,entries/margaret-fell/
813,entries/feminist-philosophy/
814,entries/femapproach-analytic/
815,entries/femapproach-continental/
816,entries/femapproach-analy-cont/
817,entries/femapproach-prag-cont/
818,entries/feminism-latin-america/
819,entries/femapproach-pragmatism/
820,entries/feminism-psychoanalysis/
821,entries/feminism-aesthetics/
822,entries/feminist-bioethics/
823,entries/feminism-environmental/
824,entries/feminism-epistemology/
825,entries/feminism-ethics/
826,entries/feminism-femhist/
827,entries/feminism-liberal/
828,entries/feminism-metaphysics/
829,entries/feminism-moralpsych/
830,entries/feminist-philosophy-biology/
831,entries/feminism-language/
832,entries/feminism-law/
833,entries/feminist-religion/
834,entries/feminism-political/
835,entries/feminist-social-epistemology/
836,entries/feminism-argumentation/
837,entries/feminism-autonomy/
838,entries/feminism-class/
839,entries/feminism-disability/
840,entries/feminism-globalization/
841,entries/feminism-objectification/
842,entries/feminist-power/
843,entries/feminism-rape/
844,entries/feminism-family/
845,entries/feminist-science/
846,entries/feminism-gender/
847,entries/feminist-sex-markets/
848,entries/feminist-body/
849,entries/feminism-self/
850,entries/feminism-trans/
851,entries/scottish-18th/
852,entries/scottish-19th/
853,entries/ludwig-feuerbach/
854,entries/feyerabend/
855,entries/johann-fichte/
856,entries/ficino/
857,entries/fiction/
858,entries/fiction-emotion-response/
859,entries/fictional-entities/
860,entries/fictionalism/
861,entries/fictionalism-mathematics/
862,entries/fictionalism-modal/
863,entries/fideism/
864,entries/film/
865,entries/money-finance/
866,entries/findlay/
867,entries/fine-tuning/
868,entries/fitch-paradox/
869,entries/fitness/
870,entries/fitting-attitude-theories/
871,entries/fitzralph/
872,entries/fleck/
873,entries/folkpsych-simulation/
874,entries/folkpsych-theory/
875,entries/philippa-foot/
876,entries/free-will-foreknowledge/
877,entries/forgiveness/
878,entries/formal-epistemology/
879,entries/formalism-mathematics/
880,entries/formal-belief/
881,entries/plato-metaphysics/
882,entries/form-matter/
883,entries/foucault/
884,entries/temporal-parts/
885,entries/frame-problem/
886,entries/francis-marchia/
887,entries/critical-theory/
888,entries/freedom-ancient/
889,entries/freedom-association/
890,entries/divine-freedom/
891,entries/liberty-positive-negative/
892,entries/freedom-speech/
893,entries/free-rider/
894,entries/freewill/
895,entries/incompatibilism-theories/
896,entries/free-will-foreknowledge/
897,entries/frege/
898,entries/frege-hilbert/
899,entries/frege-logic/
900,entries/frege-theorem/
901,entries/friendship/
902,entries/fuller-margaret/
903,entries/teleology-biology/
904,entries/propositional-function/
905,entries/recursive-functions/
906,entries/functionalism/
907,entries/fundamentality/
908,entries/future-contingents/
909,entries/medieval-futcont/
910,#pagetopright
911,entries/gadamer/
912,entries/gadamer-aesthetics/
913,entries/galen/
914,entries/galileo/
915,entries/games-abstraction/
916,entries/logic-games/
917,entries/logics-for-games/
918,entries/game-theory/
919,entries/epistemic-game/
920,entries/game-ethics/
921,entries/game-evolutionary/
922,entries/gangesa/
923,entries/gassendi/
924,entries/gelukpa/
925,entries/gene/
926,entries/generalized-quantifiers/
927,entries/genrel-early/
928,entries/generics/
929,entries/genetic-drift/
930,entries/genetics/
931,entries/ecological-genetics/
932,entries/genotype-phenotype/
933,entries/molecular-genetics/
934,entries/population-genetics/
935,entries/genomics/
936,entries/epistemology-geometry/
937,entries/geometry-finitism/
938,entries/geometry-19th/
939,entries/scottish-18th/
940,entries/18thGerman-preKant/
941,entries/gersonides/
942,entries/giles/
943,entries/justep-foundational/
944,entries/global-democracy/
945,entries/globalization/
946,entries/justice-global/
947,entries/god-necessary-being/
948,entries/god-ultimates/
949,entries/pragmatic-belief-god/
950,entries/cosmological-argument/
951,entries/descartes-ontological/
952,entries/moral-arguments-god/
953,entries/ontological-arguments/
954,entries/teleological-arguments/
955,entries/godfrey/
956,entries/godwin/
957,entries/goedel/
958,entries/goedel-incompleteness/
959,entries/goodman/
960,entries/goodman-aesthetics/
961,entries/perfect-goodness/
962,entries/public-goods/
963,entries/gorampa/
964,entries/typelogical-grammar/
965,entries/typelogical-grammar/
966,entries/gramsci/
967,entries/gratitude/
968,entries/green/
969,entries/gregory-rimini/
970,entries/grice/
971,entries/grosseteste/
972,entries/grotius/
973,entries/grounding/
974,entries/rights-group/
975,#pagetopright
976,entries/habermas/
977,entries/haecceitism/
978,entries/substance/
979,entries/medieval-haecceity/
980,entries/halevi/
981,entries/hamann/
982,entries/scottish-19th/
983,entries/happiness/
984,entries/hare/
985,entries/hartley/
986,entries/nicolai-hartmann/
987,entries/hartshorne/
988,entries/hate-speech/
989,entries/friedrich-hayek/
990,entries/health-disease/
991,entries/chinese-mind/
992,entries/heaven-hell/
993,entries/hedonism/
994,entries/hegel/
995,entries/hegel-aesthetics/
996,entries/hegel-dialectics/
997,entries/hegel-social-political/
998,entries/heidegger/
999,entries/heidegger-aesthetics/
1000,entries/heaven-hell/
1001,entries/hermann-helmholtz/
1002,entries/hempel/
1003,entries/michel-henry/
1004,entries/henry-ghent/
1005,entries/heraclitus/
1006,entries/johann-herbart/
1007,entries/herder/
1008,entries/heritability/
1009,entries/inheritance-systems/
1010,entries/hermeneutics/
1011,entries/heytesbury/
1012,entries/divine-hiddenness/
1013,entries/frege-hilbert/
1014,entries/hilbert-program/
1015,entries/sophists/
1016,entries/history/
1017,entries/hobbes/
1018,entries/hobbes-moral/
1019,entries/hobbes-science/
1020,entries/emotions-17th18th/
1021,entries/holbach/
1022,entries/holes/
1023,entries/holkot/
1024,entries/scottish-18th/
1025,entries/homosexuality/
1026,entries/sidney-hook/
1027,entries/hope/
1028,entries/horkheimer/
1029,entries/enhancement/
1030,entries/human-genome/
1031,entries/humanism-civic/
1032,entries/human-nature/
1033,entries/rights-human/
1034,entries/clinical-research/
1035,entries/alexander-humboldt/
1036,entries/wilhelm-humboldt/
1037,entries/hume/
1038,entries/hume-aesthetics/
1039,entries/kant-hume-causality/
1040,entries/kant-hume-morality/
1041,entries/hume-moral/
1042,entries/hume-newton/
1043,entries/hume-freewill/
1044,entries/hume-religion/
1045,entries/emotions-17th18th/
1046,entries/modesty-humility/
1047,entries/humor/
1048,entries/husserl/
1049,entries/scottish-18th/
1050,entries/hutcheson/
1051,entries/emotions-17th18th/
1052,entries/logic-hybrid/
1053,entries/hyperintensionality/
1054,#pagetopright
1055,entries/iamblichus/
1056,entries/ibn-arabi/
1057,entries/ibn-bajja/
1058,entries/abraham-daud/
1059,entries/ibn-ezra/
1060,entries/falaquera/
1061,entries/ibn-gabirol/
1062,entries/ibn-kammuna/
1063,entries/ibn-rushd/
1064,entries/ibn-rushd-natural/
1065,entries/ibn-sina/
1066,entries/ibn-sina-logic/
1067,entries/ibn-sina-metaphysics/
1068,entries/ibn-sina-natural/
1069,entries/ibn-taymiyya/
1070,entries/tibbon/
1071,entries/idealism/
1072,entries/identity/
1073,entries/identity-indiscernible/
1074,entries/identity-time/
1075,entries/identity-personal/
1076,entries/identity-relative/
1077,entries/identity-transworld/
1078,entries/identity-politics/
1079,entries/mind-identity/
1080,entries/law-ideology/
1081,entries/idiolects/
1082,entries/ikhwan-al-safa/
1083,entries/mental-imagery/
1084,entries/imagination/
1085,entries/imaginative-resistance/
1086,entries/turing-test/
1087,entries/immigration/
1088,entries/afterlife/
1089,entries/immunology/
1090,entries/immutability/
1091,entries/impartiality/
1092,entries/implicature/
1093,entries/implicature-optimality-games/
1094,entries/implicit-bias/
1095,entries/impossible-worlds/
1096,entries/incommensurability/
1097,entries/value-incommensurable/
1098,entries/value-incommensurable/
1099,entries/incompatibilism-theories/
1100,entries/incompatibilism-arguments/
1101,entries/indexicals/
1102,entries/concept-emotion-india/
1103,entries/epistemology-india/
1104,entries/language-india/
1105,entries/literal-nonliteral-india/
1106,entries/logic-india/
1107,entries/naturalism-india/
1108,entries/perception-india/
1109,entries/personhood-india/
1110,entries/methodological-individualism/
1111,entries/biology-individual/
1112,entries/induction-problem/
1113,entries/logic-inductive/
1114,entries/equality/
1115,entries/spacetime-iframes/
1116,entries/abduction/
1117,entries/infinite-regress/
1118,entries/continuity/
1119,entries/infinity/
1120,entries/logic-informal/
1121,entries/information/
1122,entries/information-biological/
1123,entries/logic-information/
1124,entries/qt-entangle/
1125,entries/information-semantic/
1126,entries/information-entropy/
1127,entries/it-moral-values/
1128,entries/ethics-it-phenomenology/
1129,entries/it-privacy/
1130,entries/informed-consent/
1131,entries/ingarden/
1132,entries/substance/
1133,entries/inheritance-systems/
1134,entries/innate-acquired/
1135,entries/innateness-cognition/
1136,entries/innateness-history/
1137,entries/innateness-language/
1138,entries/inner-speech/
1139,entries/insolubles/
1140,entries/rationality-instrumental/
1141,entries/integrity/
1142,entries/creationism/
1143,entries/intensional-trans-verbs/
1144,entries/intention/
1145,entries/intentionality/
1146,entries/collective-intentionality/
1147,entries/consciousness-intentionality/
1148,entries/intentionality-ancient/
1149,entries/phenomenal-intentionality/
1150,entries/reasons-internal-external/
1151,entries/international-law/
1152,entries/ethics-internet-research/
1153,entries/intrinsic-extrinsic/
1154,entries/introspection/
1155,entries/intuition/
1156,entries/intuitionism-ethics/
1157,entries/intuitionism/
1158,entries/logic-intuitionistic/
1159,entries/intuitionistic-logic-development/
1160,entries/type-theory-intuitionistic/
1161,entries/qualia-inverted/
1162,entries/israeli/
1163,entries/john-italos/
1164,#pagetopright
1165,entries/friedrich-jacobi/
1166,entries/jaina-philosophy/
1167,entries/james/
1168,entries/james-viterbo/
1169,entries/japanese-philosophy/
1170,entries/japanese-aesthetics/
1171,entries/japanese-confucian/
1172,entries/kokugaku-school/
1173,entries/kukai/
1174,entries/kyoto-school/
1175,entries/nishida-kitaro/
1176,entries/japanese-pure-land/
1177,entries/watsuji-tetsuro/
1178,entries/japanese-zen/
1179,entries/jaspers/
1180,entries/jayaraasi/
1181,entries/jefferson/
1182,entries/william-jevons/
1183,entries/john-salisbury/
1184,entries/emily-elizabeth-constance-jones/
1185,entries/halevi/
1186,entries/aesthetic-judgment/
1187,entries/belief-merging/
1188,entries/jury-theorems/
1189,entries/justice/
1190,entries/justice-healthcareaccess/
1191,entries/justice-bad-luck/
1192,entries/justice-climate/
1193,entries/disability-justice/
1194,entries/justice-distributive/
1195,entries/justice-moral-psych/
1196,entries/economic-justice/
1197,entries/justice-global/
1198,entries/justice-inequality-health/
1199,entries/justice-intergenerational/
1200,entries/international-justice/
1201,entries/justice-retributive/
1202,entries/territorial-rights/
1203,entries/justice-transitional/
1204,entries/justice-virtue/
1205,entries/apriori/
1206,entries/justep-coherence/
1207,entries/justep-foundational/
1208,entries/justep-intext/
1209,entries/reliabilism/
1210,entries/transmission-justification-warrant/
1211,entries/justification-public/
1212,#pagetopright
1213,entries/kant/
1214,entries/kant-reason/
1215,entries/kant-aesthetics/
1216,entries/kant-conceptualism/
1217,entries/kant-metaphysics/
1218,entries/kant-hume-causality/
1219,entries/kant-hume-morality/
1220,entries/kant-leibniz/
1221,entries/kant-moral/
1222,entries/kant-development/
1223,entries/kant-mathematics/
1224,entries/kant-religion/
1225,entries/kant-science/
1226,entries/kant-social-political/
1227,entries/kant-judgment/
1228,entries/kant-transcendental/
1229,entries/kant-transcendental-idealism/
1230,entries/kant-mind/
1231,entries/kant-spacetime/
1232,entries/kaspi-joseph/
1233,entries/kepler/
1234,entries/kierkegaard/
1235,entries/doing-allowing/
1236,entries/kilvington/
1237,entries/robert-kilwardby/
1238,entries/knowledge-analysis/
1239,entries/apriori/
1240,entries/knowledge-acquaindescrip/
1241,entries/self-knowledge/
1242,entries/knowledge-value/
1243,entries/knowledge-how/
1244,entries/kochen-specker/
1245,entries/kokugaku-school/
1246,entries/korean-philosophy/
1247,entries/korean-confucianism/
1248,entries/thomas-kuhn/
1249,entries/kumaarila/
1250,entries/kukai/
1251,#pagetopright
1252,entries/lacan/
1253,entries/la-forge/
1254,entries/lakatos/
1255,entries/lambda-calculus/
1256,entries/lambert-auxerre/
1257,entries/friedrich-lange/
1258,entries/language-thought/
1259,entries/laozi/
1260,entries/large-cardinals-determinacy/
1261,entries/latin-american-philosophy/
1262,entries/latin-american-analytic/
1263,entries/epistemology-latin-america/
1264,entries/feminism-latin-america/
1265,entries/liberalism-latin-america/
1266,entries/latin-american-metaphilosophy/
1267,entries/phil-bio-latin-america/
1268,entries/phil-science-latin-america/
1269,entries/skepticism-latin-america/
1270,entries/latinx/
1271,entries/law-ideology/
1272,entries/law-language/
1273,entries/law-limits/
1274,entries/natural-law-theories/
1275,entries/rule-of-law/
1276,entries/laws-of-nature/
1277,entries/ceteris-paribus/
1278,entries/perceptual-learning/
1279,entries/learning-formal/
1280,entries/lefevre-etaples/
1281,entries/legal-interpretation/
1282,entries/legal-obligation/
1283,entries/legal-econanalysis/
1284,entries/legal-positivism/
1285,entries/legal-probabilism/
1286,entries/legal-punishment/
1287,entries/legal-reas-interpret/
1288,entries/legal-reas-prec/
1289,entries/legal-rights/
1290,entries/legitimacy/
1291,entries/legrand/
1292,entries/leibniz/
1293,entries/leibniz-ethics/
1294,entries/leibniz-exoteric/
1295,entries/leibniz-logic-influence/
1296,entries/leibniz-modal/
1297,entries/leibniz-causation/
1298,entries/leibniz-evil/
1299,entries/leibniz-mind/
1300,entries/leibniz-physics/
1301,entries/leibowitz-yeshayahu/
1302,entries/abrabanel/
1303,entries/lesniewski/
1304,entries/leucippus/
1305,entries/levels-org-biology/
1306,entries/levinas/
1307,entries/lewis-ci/
1308,entries/david-lewis/
1309,entries/lewis-metaphysics/
1310,entries/liar-paradox/
1311,entries/feminism-liberal/
1312,entries/liberalism/
1313,entries/liberalism-latin-america/
1314,entries/liberation/
1315,entries/libertarianism/
1316,entries/liberty-positive-negative/
1317,entries/life/
1318,entries/life-meaning/
1319,entries/husserl/
1320,entries/law-limits/
1321,entries/logic-linear/
1322,entries/computational-linguistics/
1323,entries/linguistics/
1324,entries/justus-lipsius/
1325,entries/advance-directives/
1326,entries/llull/
1327,entries/location-mereology/
1328,entries/alain-locke/
1329,entries/locke/
1330,entries/locke-moral/
1331,entries/locke-freedom/
1332,entries/locke-personal-identity/
1333,entries/real-essence/
1334,entries/locke-philosophy-science/
1335,entries/locke-political/
1336,entries/logic-action/
1337,entries/logic-algebraic-propositional/
1338,entries/logic-ancient/
1339,entries/logic-belief-revision/
1340,entries/logic-classical/
1341,entries/logic-combinatory/
1342,entries/logic-combining/
1343,entries/logic-conditionals/
1344,entries/logic-connexive/
1345,entries/logic-deontic/
1346,entries/logic-dependence/
1347,entries/logic-dialogical/
1348,entries/dynamic-epistemic/
1349,entries/logic-epistemic/
1350,entries/logics-for-games/
1351,entries/logic-power-games/
1352,entries/logic-free/
1353,entries/logic-fuzzy/
1354,entries/logic-games/
1355,entries/logic-hybrid/
1356,entries/logic-india/
1357,entries/logic-if/
1358,entries/logic-inductive/
1359,entries/logic-infinitary/
1360,entries/logic-informal/
1361,entries/logic-information/
1362,entries/logic-intensional/
1363,entries/logic-intuitionistic/
1364,entries/logic-justification/
1365,entries/logic-linear/
1366,entries/logic-ai/
1367,entries/logic-many-sorted/
1368,entries/logic-manyvalued/
1369,entries/logic-massexpress/
1370,entries/logic-modal/
1371,entries/natural-deduction/
1372,entries/logic-nonmonotonic/
1373,entries/logic-paraconsistent/
1374,entries/logic-probability/
1375,entries/logic-propositional/
1376,entries/logic-dynamic/
1377,entries/logic-provability/
1378,entries/logic-relevance/
1379,entries/logic-higher-order/
1380,entries/connectives-logic/
1381,entries/logic-substructural/
1382,entries/logic-temporal/
1383,entries/logic-firstorder-emergence/
1384,entries/intuitionistic-logic-development/
1385,entries/logic-modal-origins/
1386,entries/proof-theory-development/
1387,entries/settheory-early/
1388,entries/logic-normative/
1389,entries/logical-atomism/
1390,entries/wittgenstein-atomism/
1391,entries/logical-consequence/
1392,entries/logic-algebraic-propositional/
1393,entries/logical-constants/
1394,entries/logical-construction/
1395,entries/logical-empiricism/
1396,entries/logical-form/
1397,entries/logical-pluralism/
1398,entries/logical-truth/
1399,entries/logic-ontology/
1400,entries/logicism/
1401,entries/hermann-lotze/
1402,entries/love/
1403,entries/loyalty/
1404,entries/justice-bad-luck/
1405,entries/moral-luck/
1406,entries/lucretius/
1407,entries/lukacs/
1408,entries/lukasiewicz/
1409,entries/luther/
1410,entries/luther-influence/
1411,entries/luxemburg/
1412,entries/lvov-warsaw/
1413,entries/lying-definition/
1414,entries/lyotard/
1415,#pagetopright
1416,entries/catharine-macaulay/
1417,entries/ernst-mach/
1418,entries/machiavelli/
1419,entries/macroevolution/
1420,entries/madhyamaka/
1421,entries/maimon/
1422,entries/maimonides/
1423,entries/maimonides-islamic/
1424,entries/malebranche/
1425,entries/emotions-17th18th/
1426,entries/malebranche-ideas/
1427,entries/mally/
1428,entries/mally-deontic/
1429,entries/mandeville/
1430,entries/ethics-manipulation/
1431,entries/problem-of-many/
1432,entries/marcel/
1433,entries/ruth-barcan-marcus/
1434,entries/marcus-aurelius/
1435,entries/marcuse/
1436,entries/lucrezia-marinella/
1437,entries/maritain/
1438,entries/markets/
1439,entries/marriage/
1440,entries/marsilius-inghen/
1441,entries/marty/
1442,entries/marx/
1443,entries/marxism-analytical/
1444,entries/lady-masham/
1445,entries/equivME/
1446,entries/logic-massexpress/
1447,entries/metaphysics-massexpress/
1448,entries/material-constitution/
1449,entries/physicalism/
1450,entries/materialism-eliminative/
1451,entries/mathematics-explanation/
1452,entries/mathematical-style/
1453,entries/mathematics-constructive/
1454,entries/mathematics-inconsistent/
1455,entries/mathematics-nondeductive/
1456,entries/dedekind-foundations/
1457,entries/hilbert-program/
1458,entries/philosophy-mathematics/
1459,entries/fictionalism-mathematics/
1460,entries/formalism-mathematics/
1461,entries/mathphil-indis/
1462,entries/intuitionism/
1463,entries/kant-mathematics/
1464,entries/naturalism-mathematics/
1465,entries/nominalism-mathematics/
1466,entries/platonism-mathematics/
1467,entries/structuralism-mathematics/
1468,entries/wittgenstein-mathematics/
1469,entries/mctaggart/
1470,entries/mead/
1471,entries/meaning-normativity/
1472,entries/word-meaning/
1473,entries/meaning/
1474,entries/meaning-holism/
1475,entries/persons-means/
1476,entries/measurement-science/
1477,entries/science-mechanisms/
1478,entries/medicine/
1479,entries/chinese-phil-medicine/
1480,entries/medieval-philosophy/
1481,entries/medieval-literary/
1482,entries/medieval-political/
1483,entries/analogy-medieval/
1484,entries/medieval-categories/
1485,entries/causation-medieval/
1486,entries/conscience-medieval/
1487,entries/consequence-medieval/
1488,entries/demonstration-medieval/
1489,entries/medieval-emotions/
1490,entries/medieval-futcont/
1491,entries/medieval-haecceity/
1492,entries/representation-medieval/
1493,entries/modality-medieval/
1494,entries/obligationes/
1495,entries/practical-reason-med/
1496,entries/medieval-terms/
1497,entries/relations-medieval/
1498,entries/singular-terms-medieval/
1499,entries/medieval-syllogism/
1500,entries/transcendentals-medieval/
1501,entries/meinong/
1502,entries/meister-eckhart/
1503,entries/memory/
1504,entries/memory-episprob/
1505,entries/mencius/
1506,entries/mendelssohn/
1507,entries/mental-causation/
1508,entries/content-causal/
1509,entries/content-externalism/
1510,entries/content-narrow/
1511,entries/content-nonconceptual/
1512,entries/content-teleological/
1513,entries/mental-disorder/
1514,entries/mental-disorder/
1515,entries/mental-imagery/
1516,entries/mental-representation/
1517,entries/representation-medieval/
1518,entries/mereology/
1519,entries/location-mereology/
1520,entries/mereology-medieval/
1521,entries/meritocracy/
1522,entries/merleau-ponty/
1523,entries/mersenne/
1524,entries/metaepistemology/
1525,entries/metaethics/
1526,entries/normativity-metaethics/
1527,entries/metaphor/
1528,entries/metaphysical-explanation/
1529,entries/metaphysics/
1530,entries/suarez/
1531,entries/holism-social/
1532,entries/philosophy-mexico/
1533,entries/microbiology/
1534,entries/harriet-mill/
1535,entries/james-mill/
1536,entries/mill/
1537,entries/mill-moral-political/
1538,entries/computational-mind/
1539,entries/chinese-mind/
1540,entries/mind-indian-buddhism/
1541,entries/modularity-mind/
1542,entries/mind-identity/
1543,entries/miracles/
1544,entries/modality-epistemology/
1545,entries/descartes-modal/
1546,entries/modality-epistemology/
1547,entries/impossible-worlds/
1548,entries/leibniz-modal/
1549,entries/modality-medieval/
1550,entries/fictionalism-modal/
1551,entries/necessary-sufficient/
1552,entries/possible-objects/
1553,entries/possible-worlds/
1554,entries/spinoza-modal/
1555,entries/modality-varieties/
1556,entries/logic-modal/
1557,entries/logic-modal-origins/
1558,entries/phil-multimodallogic/
1559,entries/agent-modeling-philscience/
1560,entries/models-science/
1561,entries/model-theory/
1562,entries/modeltheory-fo/
1563,entries/modesty-humility/
1564,entries/mohism/
1565,entries/mohist-canons/
1566,entries/molecular-biology/
1567,entries/molyneux-problem/
1568,entries/money-finance/
1569,entries/monism/
1570,entries/anomalous-monism/
1571,entries/neutral-monism/
1572,entries/russellian-monism/
1573,entries/monotheism/
1574,entries/montaigne/
1575,entries/montesquieu/
1576,entries/moore/
1577,entries/moore-moral/
1578,entries/moral-conventional/
1579,entries/moral-anti-realism/
1580,entries/moral-character/
1581,entries/psychology-normative-cognition/
1582,entries/moral-cognitivism/
1583,entries/moral-decision-uncertainty/
1584,entries/moral-demands-permissions/
1585,entries/moral-dilemmas/
1586,entries/disagreement-moral/
1587,entries/moral-epistemology/
1588,entries/moral-epistemology-a-priori/
1589,entries/moral-particularism-generalism/
1590,entries/intuitionism-ethics/
1591,entries/morality-biology/
1592,entries/morality-definition/
1593,entries/moral-luck/
1594,entries/moral-motivation/
1595,entries/naturalism-moral/
1596,entries/moral-non-naturalism/
1597,entries/moral-particularism/
1598,entries/moral-particularism-generalism/
1599,entries/moral-phenomenology/
1600,entries/moral-psych-emp/
1601,entries/moral-realism/
1602,entries/reasoning-moral/
1603,entries/moral-relativism/
1604,entries/moral-responsibility/
1605,entries/moral-responsibility-epistemic/
1606,entries/alternative-possibilities/
1607,entries/moral-sentimentalism/
1608,entries/skepticism-moral/
1609,entries/moral-animal/
1610,entries/grounds-moral-status/
1611,entries/moral-theory/
1612,entries/henry-more/
1613,entries/thomas-more/
1614,entries/moral-motivation/
1615,entries/mulla-sadra/
1616,entries/phil-multimodallogic/
1617,entries/multiculturalism/
1618,entries/multiple-realizability/
1619,entries/murdoch/
1620,entries/hist-westphilmusic-to-1800/
1621,entries/hist-westphilmusic-since-1800/
1622,entries/music/
1623,entries/mysticism/
1624,entries/plato-myths/
1625,#pagetopright
1626,entries/nagarjuna/
1627,entries/names/
1628,entries/nationalism/
1629,entries/kokugaku-school/
1630,entries/natorp/
1631,entries/natural-deduction/
1632,entries/naturalism/
1633,entries/epistemology-naturalized/
1634,entries/lawphil-naturalism/
1635,entries/naturalism-mathematics/
1636,entries/naturalism-moral/
1637,entries/natural-kinds/
1638,entries/natural-language-ontology/
1639,entries/natural-law-ethics/
1640,entries/natphil-ren/
1641,entries/natural-selection/
1642,entries/selection-units/
1643,entries/lawphil-nature/
1644,entries/law-interpretivist/
1645,entries/legal-positivism/
1646,entries/natural-law-theories/
1647,entries/lawphil-theory/
1648,entries/early-modern-india/
1649,entries/necessary-sufficient/
1650,entries/god-necessary-being/
1651,entries/needs/
1652,entries/negation/
1653,entries/negritude/
1654,entries/neo-daoism/
1655,entries/neo-kantianism/
1656,entries/neoliberalism/
1657,entries/neoplatonism/
1658,entries/neurath/
1659,entries/neuroethics/
1660,entries/neuroscience/
1661,entries/neutral-monism/
1662,entries/newton/
1663,entries/newton-principia/
1664,entries/newton-philosophy/
1665,entries/newton-stm/
1666,entries/autrecourt/
1667,entries/cusanus/
1668,entries/nietzsche/
1669,entries/nietzsche-life-works/
1670,entries/nietzsche-moral-political/
1671,entries/nishida-kitaro/
1672,entries/husserl/
1673,entries/nominalism-metaphysics/
1674,entries/nominalism-mathematics/
1675,entries/moral-non-naturalism/
1676,entries/content-nonconceptual/
1677,entries/nonexistent-objects/
1678,entries/nonidentity-problem/
1679,entries/logic-power-games/
1680,entries/psychology-normative-cognition/
1681,entries/logic-normative/
1682,entries/meaning-normativity/
1683,entries/normativity-metaethics/
1684,entries/social-norms/
1685,entries/john-norris/
1686,entries/nothingness/
1687,entries/novalis/
1688,entries/nozick-political/
1689,entries/numenius/
1690,#pagetopright
1691,entries/oakeshott/
1692,entries/object/
1693,entries/scientific-objectivity/
1694,entries/legal-obligation/
1695,entries/obligationes/
1696,entries/special-obligations/
1697,entries/self-obligations/
1698,entries/occasionalism/
1699,entries/ockham/
1700,entries/olivi/
1701,entries/olympiodorus/
1702,entries/omnipotence/
1703,entries/omnipresence/
1704,entries/omniscience/
1705,entries/ontological-arguments/
1706,entries/ontological-commitment/
1707,entries/dependence-ontological/
1708,entries/social-ontology/
1709,entries/natural-language-ontology/
1710,entries/art-ontology-history/
1711,entries/operationalism/
1712,entries/ordinary-objects/
1713,entries/nicole-oresme/
1714,entries/origen/
1715,entries/original-position/
1716,entries/gasset/
1717,entries/other-minds/
1718,entries/property/
1719,#pagetopright
1720,entries/pacifism/
1721,entries/pain/
1722,entries/paine/
1723,entries/panentheism/
1724,entries/panpsychism/
1725,entries/pantheism/
1726,entries/curry-paradox/
1727,entries/fitch-paradox/
1728,entries/liar-paradox/
1729,entries/russell-paradox/
1730,entries/paradox-simpson/
1731,entries/paradox-skolem/
1732,entries/paradox-stpetersburg/
1733,entries/paradox-suspense/
1734,entries/paradox-zeno/
1735,entries/paradoxes-contemporary-logic/
1736,entries/epistemic-paradoxes/
1737,entries/parenthood/
1738,entries/parmenides/
1739,entries/mereology/
1740,entries/pascal/
1741,entries/pascal-wager/
1742,entries/paternalism/
1743,entries/patriotism/
1744,entries/patrizi/
1745,entries/paul-venice/
1746,entries/peirce-benjamin/
1747,entries/peirce/
1748,entries/peirce-logic/
1749,entries/peirce-semiotics/
1750,entries/penbygull/
1751,entries/action-perception/
1752,entries/perception-auditory/
1753,entries/perception-contents/
1754,entries/perception-disjunctive/
1755,entries/perception-episprob/
1756,entries/perception-justification/
1757,entries/perception-problem/
1758,entries/perceptual-learning/
1759,entries/gomez-pereira/
1760,entries/perfectionism-moral/
1761,entries/temporal-parts/
1762,entries/identity-personal/
1763,entries/identity-ethics/
1764,entries/personalism/
1765,entries/personal-relationship-goods/
1766,entries/personhood-india/
1767,entries/identity-personal/
1768,entries/persons-means/
1769,entries/peter-spain/
1770,entries/joane-petrizi/
1771,entries/phenomenal-intentionality/
1772,entries/phenomenology/
1773,entries/moral-phenomenology/
1774,entries/phenomenology-mg/
1775,entries/philip-chancellor/
1776,entries/philodemus/
1777,entries/philolaus/
1778,entries/philo/
1779,entries/philo-larissa/
1780,entries/philoponus/
1781,entries/phil-bio-latin-america/
1782,entries/phil-science-latin-america/
1783,entries/dialectical-school/
1784,entries/phylogenetic-inference/
1785,entries/physicalism/
1786,entries/physics-experiment/
1787,entries/physics-holism/
1788,entries/physics-interrelate/
1789,entries/quantum-field-theory/
1790,entries/physics-structuralism/
1791,entries/symmetry-breaking/
1792,entries/sophists/
1793,entries/pico-della-mirandola/
1794,entries/pineal-gland/
1795,entries/plato/
1796,entries/plato-aesthetics/
1797,entries/callicles-thrasymachus/
1798,entries/plato-cratylus/
1799,entries/plato-ethics/
1800,entries/plato-ethics-politics/
1801,entries/plato-friendship/
1802,entries/plato-sophstate/
1803,entries/plato-metaphysics/
1804,entries/plato-myths/
1805,entries/plato-theaetetus/
1806,entries/plato-utopia/
1807,entries/plato-parmenides/
1808,entries/plato-rhetoric/
1809,entries/plato-ethics-shorter/
1810,entries/plato-timaeus/
1811,entries/platonism/
1812,entries/platonism-mathematics/
1813,entries/pleasure/
1814,entries/plotinus/
1815,entries/religious-pluralism/
1816,entries/binarium/
1817,entries/plural-quant/
1818,entries/plutarch/
1819,entries/poincare/
1820,entries/polqar/
1821,entries/political-obligation/
1822,entries/ancient-political/
1823,entries/medieval-political/
1824,entries/realism-intl-relations/
1825,entries/religion-politics/
1826,entries/polqar/
1827,entries/pomponazzi/
1828,entries/popper/
1829,entries/population-genetics/
1830,entries/pornography-censorship/
1831,entries/porphyry/
1832,entries/della-porta/
1833,entries/port-royal-logic/
1834,entries/possibilism-actualism/
1835,entries/possible-objects/
1836,entries/possible-worlds/
1837,entries/postmodernism/
1838,entries/francois-barre/
1839,entries/innateness-language/
1840,entries/practical-reason/
1841,entries/practical-reason-med/
1842,entries/practical-reason-action/
1843,entries/pragmatic-belief-god/
1844,entries/pragmatics/
1845,entries/defaults-semantics-pragmatics/
1846,entries/pragmatism/
1847,entries/petitionary-prayer/
1848,entries/logic-classical/
1849,entries/prediction-accommodation/
1850,entries/prediction-accommodation/
1851,entries/preferences/
1852,entries/ethics-pregnancy/
1853,entries/eugenics/
1854,entries/presentism/
1855,entries/presocratics/
1856,entries/presupposition/
1857,entries/price/
1858,entries/richard-price/
1859,entries/prichard/
1860,entries/qualities-prim-sec/
1861,entries/principia-mathematica/
1862,entries/pm-notation/
1863,entries/sufficient-reason/
1864,entries/prior/
1865,entries/prisoner-dilemma/
1866,entries/privacy/
1867,entries/it-privacy/
1868,entries/privacy-medicine/
1869,entries/private-language/
1870,entries/imprecise-probabilities/
1871,entries/imprecise-probabilities/
1872,entries/probability-medieval-renaissance/
1873,entries/probability-interpret/
1874,entries/logic-probability/
1875,entries/rule-of-law/
1876,entries/process-philosophy/
1877,entries/process-theism/
1878,entries/proclus/
1879,entries/parenthood/
1880,entries/sophists/
1881,entries/progress/
1882,entries/promises/
1883,entries/proof-theory/
1884,entries/proof-theory-development/
1885,entries/properties/
1886,entries/properties-emergent/
1887,entries/essential-accidental/
1888,entries/natural-properties/
1889,entries/intellectual-property/
1890,entries/property/
1891,entries/prophecy/
1892,entries/prop-attitude-reports/
1893,entries/propositional-function/
1894,entries/logic-propositional/
1895,entries/propositions/
1896,entries/propositions-singular/
1897,entries/propositions-structured/
1898,entries/protagoras/
1899,entries/providence-divine/
1900,entries/pseudo-dionysius-areopagite/
1901,entries/pseudo-science/
1902,entries/ancient-soul/
1903,entries/psychiatry/
1904,entries/psychologism/
1905,entries/evolutionary-psychology/
1906,entries/public-goods/
1907,entries/publichealth-ethics/
1908,entries/publicity/
1909,entries/public-reason/
1910,entries/pufendorf-moral/
1911,entries/legal-punishment/
1912,entries/pyrrho/
1913,entries/skepticism-ancient/
1914,entries/pythagoras/
1915,entries/pythagoreanism/
1916,#pagetopright
1917,entries/qing-philosophy/
1918,entries/qualia/
1919,entries/qualia-inverted/
1920,entries/qualia-knowledge/
1921,entries/quantification/
1922,entries/qm/
1923,entries/qm-action-distance/
1924,entries/bell-theorem/
1925,entries/qm-bohm/
1926,entries/qm-collapse/
1927,entries/qm-consistent-histories/
1928,entries/qm-copenhagen/
1929,entries/qm-everett/
1930,entries/kochen-specker/
1931,entries/qm-manyworlds/
1932,entries/qm-modal/
1933,entries/qm-relational/
1934,entries/qm-retrocausality/
1935,entries/qm-decoherence/
1936,entries/quantum-bayesian/
1937,entries/qt-consciousness/
1938,entries/qt-epr/
1939,entries/qt-idind/
1940,entries/qt-nvd/
1941,entries/qt-issues/
1942,entries/qt-issues/
1943,entries/qt-quantcomp/
1944,entries/qt-entangle/
1945,entries/quantum-field-theory/
1946,entries/quantum-gravity/
1947,entries/qt-quantlog/
1948,entries/qt-uncertainty/
1949,entries/questions/
1950,entries/quine/
1951,entries/mathphil-indis/
1952,entries/quine-nf/
1953,entries/quotation/
1954,#pagetopright
1955,entries/race/
1956,entries/critical-phil-race/
1957,entries/radulphus-brito/
1958,entries/ramsey/
1959,entries/ramsey-economics/
1960,entries/ramus/
1961,entries/ayn-rand/
1962,entries/chance-randomness/
1963,entries/rationality-normative-utility/
1964,entries/rationality-normative-nonutility/
1965,entries/rationalism-empiricism/
1966,entries/epistemology-bayesian/
1967,entries/bounded-rationality/
1968,entries/epistemic-game/
1969,entries/rationality-historicist/
1970,entries/rationality-instrumental/
1971,entries/rationality-structural/
1972,entries/rawls/
1973,entries/realism/
1974,entries/realism-sem-challenge/
1975,entries/moral-realism/
1976,entries/realism-intl-relations/
1977,entries/scientific-realism/
1978,entries/structural-realism/
1979,entries/realism-theory-change/
1980,entries/reasoning-automated/
1981,entries/reasoning-analogy/
1982,entries/reasoning-defeasible/
1983,entries/reasoning-moral/
1984,entries/reasons-agent/
1985,entries/reasons-internal-external/
1986,entries/reasons-just-vs-expl/
1987,entries/recognition/
1988,entries/reconciliation/
1989,#
1990,entries/recursive-functions/
1991,entries/redistribution/
1992,entries/scientific-reduction/
1993,entries/reduction-biology/
1994,entries/physics-interrelate/
1995,entries/reference/
1996,entries/reflective-equilibrium/
1997,entries/henricus-regius/
1998,entries/august-rehberg/
1999,entries/reichenbach/
2000,entries/physics-Rpcc/
2001,entries/reid/
2002,entries/reid-ethics/
2003,entries/reid-memory-identity/
2004,entries/reinach/
2005,entries/karl-reinhold/
2006,entries/reism/
2007,entries/relations/
2008,entries/relations-medieval/
2009,entries/relativism/
2010,entries/moral-relativism/
2011,entries/reliabilism/
2012,entries/concept-religion/
2013,entries/religion-epistemology/
2014,entries/feminist-religion/
2015,entries/religion-morality/
2016,entries/natural-theology/
2017,entries/phenomenology-religion/
2018,entries/philosophy-religion/
2019,entries/religion-politics/
2020,entries/religion-science/
2021,entries/religious-pluralism/
2022,entries/religious-experience/
2023,entries/religious-language/
2024,entries/black-reparations/
2025,entries/replication/
2026,entries/political-representation/
2027,entries/scientific-representation/
2028,entries/scientific-reproducibility/
2029,entries/republicanism/
2030,entries/repugnant-conclusion/
2031,entries/imaginative-resistance/
2032,entries/respect/
2033,entries/collective-responsibility/
2034,entries/justice-retributive/
2035,entries/divine-revelation/
2036,entries/reverse-mathematics/
2037,entries/revolution/
2038,entries/richard-sophister/
2039,entries/heinrich-rickert/
2040,entries/ricoeur/
2041,entries/rights/
2042,entries/rights-children/
2043,entries/civil-rights/
2044,entries/rights-group/
2045,entries/rights-human/
2046,entries/legal-rights/
2047,entries/territorial-rights/
2048,entries/rigid-designators/
2049,entries/risk/
2050,entries/ethics-ai/
2051,entries/special-obligations/
2052,entries/rorty/
2053,entries/rosenstock-huessy/
2054,entries/rosenzweig/
2055,entries/antonio-rosmini/
2056,entries/william-david-ross/
2057,entries/rousseau/
2058,entries/sylvan-routley/
2059,entries/royce/
2060,entries/richard-sophister/
2061,entries/rule-following/
2062,entries/consequentialism-rule/
2063,entries/rule-of-law/
2064,entries/russell/
2065,entries/logical-atomism/
2066,entries/russell-moral/
2067,entries/russell-paradox/
2068,entries/ryle/
2069,#pagetopright
2070,entries/saadya/
2071,entries/saantarak-sita/
2072,entries/shantideva/
2073,entries/sakya-pandita/
2074,entries/organs-sale/
2075,entries/wesley-salmon/
2076,entries/francisco-sanches/
2077,entries/shankara/
2078,entries/santayana/
2079,entries/sartre/
2080,entries/skepticism/
2081,entries/scheler/
2082,entries/schelling/
2083,entries/schema/
2084,entries/schiller/
2085,entries/schlegel-aw/
2086,entries/schlegel/
2087,entries/schleiermacher/
2088,entries/schlick/
2089,entries/schmitt/
2090,entries/scholem/
2091,entries/scholz/
2092,entries/school-names/
2093,entries/school-salamanca/
2094,entries/schopenhauer/
2095,entries/schopenhauer-aesthetics/
2096,entries/schutz/
2097,entries/models-science/
2098,entries/pseudo-science/
2099,entries/science-theory-observation/
2100,entries/scientific-unity/
2101,entries/scientific-discovery/
2102,entries/scientific-explanation/
2103,entries/causal-explanation-science/
2104,entries/scientific-knowledge-social/
2105,entries/scientific-method/
2106,entries/scientific-objectivity/
2107,entries/scientific-pluralism/
2108,entries/scientific-progress/
2109,entries/scientific-realism/
2110,entries/realism-theory-change/
2111,entries/scientific-representation/
2112,entries/science-big-data/
2113,entries/scientific-revolutions/
2114,entries/incommensurability/
2115,entries/structure-scientific-theories/
2116,entries/scientific-underdetermination/
2117,entries/scottish-18th/
2118,entries/scottish-19th/
2119,entries/scottus-eriugena/
2120,entries/duns-scotus/
2121,entries/madeleine-scudery/
2122,entries/ethics-search/
2123,entries/montaigne/
2124,entries/secession/
2125,entries/qualities-prim-sec/
2126,entries/feminism-self/
2127,entries/self-knowledge/
2128,entries/self-consciousness/
2129,entries/self-consciousness-phenomenological/
2130,entries/self-deception/
2131,entries/self-defense/
2132,entries/epistemic-self-doubt/
2133,entries/self-knowledge/
2134,entries/self-knowledge-externalism/
2135,entries/self-locating-beliefs/
2136,entries/self-reference/
2137,entries/respect/
2138,entries/sellars/
2139,entries/meaning-holism/
2140,entries/defaults-semantics-pragmatics/
2141,entries/dynamic-semantics/
2142,entries/montague-semantics/
2143,entries/proof-theoretic-semantics/
2144,entries/two-dimensional-semantics/
2145,entries/semiotics-medieval/
2146,entries/seneca/
2147,entries/sense-data/
2148,entries/fitting-attitude-theories/
2149,entries/moral-sentimentalism/
2150,entries/set-theory/
2151,entries/settheory-alternative/
2152,entries/set-theory-constructive/
2153,entries/continuum-hypothesis/
2154,entries/settheory-early/
2155,entries/independence-large-cardinals/
2156,entries/large-cardinals-determinacy/
2157,entries/nonwellfounded-set-theory/
2158,entries/zermelo-set-theory/
2159,entries/sex-sexuality/
2160,entries/sextus-empiricus/
2161,entries/shaftesbury/
2162,entries/emotions-17th18th/
2163,entries/sharpe/
2164,entries/mary-shepherd/
2165,entries/sidgwick/
2166,entries/simon-faversham/
2167,entries/simplicity/
2168,entries/divine-simplicity/
2169,entries/simplicius/
2170,entries/paradox-simpson/
2171,entries/simulations-science/
2172,entries/sin-christian/
2173,entries/singular-terms-medieval/
2174,entries/situations-semantics/
2175,entries/skeptical-theism/
2176,entries/skepticism/
2177,entries/skepticism-moral-responsibility/
2178,entries/skepticism-ancient/
2179,entries/skepticism-content-externalism/
2180,entries/skepticism-latin-america/
2181,entries/skepticism-medieval/
2182,entries/skepticism-moral/
2183,entries/paradox-skolem/
2184,entries/scottish-18th/
2185,entries/smith-moral-political/
2186,entries/social-choice/
2187,entries/social-construction-naturalistic/
2188,entries/contractarianism/
2189,entries/contractarianism-contemporary/
2190,entries/epistemology-social/
2191,entries/social-institutions/
2192,entries/socialism/
2193,entries/social-minimum/
2194,entries/ethics-social-networking/
2195,entries/social-norms/
2196,entries/social-ontology/
2197,entries/social-procedures/
2198,entries/sociobiology/
2199,entries/socrates/
2200,entries/solidarity/
2201,entries/sophie-de-grouchy/
2202,entries/sophismata/
2203,entries/sophists/
2204,entries/sorites-paradox/
2205,entries/sortals/
2206,entries/ancient-soul/
2207,entries/sounds/
2208,entries/sovereignty/
2209,entries/spacetime-theories-classical/
2210,entries/spacetime-theories/
2211,entries/spacetime-bebecome/
2212,entries/spacetime-convensimul/
2213,entries/spacetime-holearg/
2214,entries/spacetime-iframes/
2215,entries/spacetime-singularities/
2216,entries/spacetime-supertasks/
2217,entries/species/
2218,entries/inner-speech/
2219,entries/speech-acts/
2220,entries/spencer/
2221,entries/speusippus/
2222,entries/spinoza-epistemology-mind/
2223,entries/spinoza/
2224,entries/spinoza-modal/
2225,entries/spinoza-physics/
2226,entries/spinoza-political/
2227,entries/spinoza-psychological/
2228,entries/spinoza-attributes/
2229,entries/emotions-17th18th/
2230,entries/sport/
2231,entries/square/
2232,entries/sriharsa/
2233,entries/paradox-stpetersburg/
2234,entries/states-of-affairs/
2235,entries/statphys-Boltzmann/
2236,entries/statphys-statmech/
2237,entries/statistics/
2238,entries/stebbing/
2239,entries/stein/
2240,entries/stem-cells/
2241,entries/stevenson/
2242,entries/scottish-18th/
2243,entries/max-stirner/
2244,entries/stoicism/
2245,entries/strauss-leo/
2246,entries/strawson/
2247,entries/structuralism-mathematics/
2248,entries/physics-structuralism/
2249,entries/structural-realism/
2250,entries/stumpf/
2251,entries/johann-sturm/
2252,entries/mathematical-style/
2253,entries/suarez/
2254,entries/substance/
2255,entries/logic-substructural/
2256,entries/suhrawardi/
2257,entries/suicide/
2258,entries/supererogation/
2259,entries/supervenience/
2260,entries/supervenience-ethics/
2261,entries/advance-directives/
2262,entries/susman-margarete/
2263,entries/paradox-suspense/
2264,entries/medieval-syllogism/
2265,entries/sylvan-routley/
2266,entries/symmetry-breaking/
2267,entries/analytic-synthetic/
2268,entries/syrianus/
2269,entries/systems-synthetic-biology/
2270,#pagetopright
2271,entries/daoism/
2272,entries/tarski/
2273,entries/tarski-truth/
2274,entries/taurellus/
2275,entries/episteme-techne/
2276,entries/technology/
2277,entries/teleological-arguments/
2278,entries/teleology-biology/
2279,entries/content-teleological/
2280,entries/telesio/
2281,entries/consciousness-temporal/
2282,entries/temporal-parts/
2283,entries/tense-aspect/
2284,entries/medieval-terms/
2285,entries/territorial-rights/
2286,entries/terrorism/
2287,entries/testimony-episprob/
2288,entries/aesthetic-testimony/
2289,entries/theater/
2290,entries/atheism-agnosticism/
2291,entries/monotheism/
2292,entries/panentheism/
2293,entries/pantheism/
2294,entries/process-theism/
2295,entries/skeptical-theism/
2296,entries/natural-theology/
2297,entries/theology-aristotle/
2298,entries/theophrastus/
2299,entries/theoretical-terms-science/
2300,entries/thick-ethical-concepts/
2301,entries/erfurt/
2302,entries/thoreau/
2303,entries/associationist-thought/
2304,entries/thought-experiment/
2305,entries/callicles-thrasymachus/
2306,entries/tibbon/
2307,entries/epistemology-language-tibetan/
2308,entries/time/
2309,entries/spacetime-bebecome/
2310,entries/time-experience/
2311,entries/time-thermo/
2312,entries/time-machine/
2313,entries/time-travel/
2314,entries/time-travel-phys/
2315,entries/timon-phlius/
2316,entries/toleration/
2317,entries/tort-theories/
2318,entries/torture/
2319,entries/touch/
2320,entries/transcendental-arguments/
2321,entries/kant-transcendental/
2322,entries/transcendentalism/
2323,entries/transcendentals-medieval/
2324,entries/transformative-experience/
2325,entries/feminism-trans/
2326,entries/transmission-justification-warrant/
2327,entries/identity-transworld/
2328,entries/persons-means/
2329,entries/trinity/
2330,entries/tropes/
2331,entries/trust/
2332,entries/truth/
2333,entries/truth-axiomatic/
2334,entries/truth-coherence/
2335,entries/truth-correspondence/
2336,entries/truth-deflationary/
2337,entries/truth-identity/
2338,entries/truth-pluralist/
2339,entries/truth-pragmatic/
2340,entries/truth-revision/
2341,entries/tarski-truth/
2342,entries/truthlikeness/
2343,entries/truthmakers/
2344,entries/truth-values/
2345,entries/tsongkhapa/
2346,entries/turing/
2347,entries/turing-machine/
2348,entries/turing-test/
2349,entries/scottish-18th/
2350,entries/twardowski/
2351,entries/twotruths-india/
2352,entries/twotruths-tibet/
2353,entries/types-tokens/
2354,entries/type-theory/
2355,entries/type-theory-church/
2356,entries/type-theory-intuitionistic/
2357,entries/type-theory-intuitionistic/
2358,#pagetopright
2359,entries/god-ultimates/
2360,entries/umar-khayyam/
2361,entries/qt-uncertainty/
2362,entries/scientific-underdetermination/
2363,entries/understanding/
2364,entries/selection-units/
2365,entries/scientific-unity/
2366,entries/binarium/
2367,entries/properties/
2368,entries/universals-medieval/
2369,entries/consequentialism/
2370,entries/utilitarianism-history/
2371,entries/consequentialism-rule/
2372,#pagetopright
2373,entries/vagueness/
2374,entries/problem-of-many/
2375,entries/vaihinger/
2376,entries/logical-truth/
2377,entries/lorenzo-valla/
2378,entries/value-incommensurable/
2379,entries/value-intrinsic-extrinsic/
2380,entries/knowledge-value/
2381,entries/value-pluralism/
2382,entries/value-theory/
2383,entries/vasubandhu/
2384,entries/vegetarianism/
2385,entries/original-position/
2386,entries/intensional-trans-verbs/
2387,entries/truthlikeness/
2388,entries/vico/
2389,entries/vienna-circle/
2390,entries/ethics-ancient/
2391,entries/ethics-virtue/
2392,entries/epistemology-visual-thinking/
2393,entries/james-viterbo/
2394,entries/vives/
2395,entries/freewill/
2396,entries/voltaire/
2397,entries/voluntarism-theological/
2398,entries/voting/
2399,entries/voting-methods/
2400,#pagetopright
2401,entries/wang-yangming/
2402,entries/war/
2403,entries/james-ward/
2404,entries/transmission-justification-warrant/
2405,entries/watsuji-tetsuro/
2406,entries/weakness-will/
2407,entries/weber/
2408,entries/simone-weil/
2409,entries/economic-justice/
2410,entries/ramsey-economics/
2411,entries/well-being/
2412,entries/weyl/
2413,entries/whewell/
2414,entries/cambridge-platonists/
2415,entries/whitehead/
2416,entries/william-auvergne/
2417,entries/william-champeaux/
2418,entries/ockham/
2419,entries/william-sherwood/
2420,entries/williams-bernard/
2421,entries/williams-dc/
2422,entries/wilson/
2423,entries/wilhelm-windelband/
2424,entries/wisdom/
2425,entries/wittgenstein/
2426,entries/wittgenstein-aesthetics/
2427,entries/wittgenstein-atomism/
2428,entries/wittgenstein-mathematics/
2429,entries/wodeham/
2430,entries/wolff-christian/
2431,entries/wollstonecraft/
2432,entries/word-meaning/
2433,entries/work-labor/
2434,entries/world-government/
2435,entries/impossible-worlds/
2436,entries/possible-worlds/
2437,entries/wright/
2438,entries/wilhelm-wundt/
2439,entries/wyclif/
2440,entries/wyclif-political/
2441,#pagetopright
2442,entries/xenocrates/
2443,entries/xenophanes/
2444,entries/xunzi/
2445,#pagetopright
2446,entries/yorck/
2447,#pagetopright
2448,entries/zabarella/
2449,entries/zeno-elea/
2450,entries/paradox-zeno/
2451,entries/zermelo-set-theory/
2452,entries/zhuangzi/
2453,entries/zhu-xi/
2454,entries/zombies/
2455,projected-contents.html
